Date,prediction_date,Price,Open,High,Low,Volatility,Increase
8/1/2024,7/31/2024,"61,478.70","65,351.80","65,567.10","61,242.30",0.066177213,0
7/31/2024,7/30/2024,"64,626.00","66,185.40","66,825.60","64,538.30",0.034558981,0
7/30/2024,7/29/2024,"66,184.90","66,796.10","66,998.30","65,328.70",0.024995471,0
7/29/2024,7/28/2024,"66,798.70","68,256.30","70,000.20","66,544.50",0.050628294,0
7/28/2024,7/27/2024,"68,256.30","67,888.90","68,291.90","67,067.80",0.01803093,1
7/27/2024,7/26/2024,"67,843.10","67,910.80","69,387.60","66,776.80",0.038444548,0
7/26/2024,7/25/2024,"67,908.60","65,799.70","68,205.00","65,764.30",0.037092874,1
7/25/2024,7/24/2024,"65,799.30","65,363.90","66,088.60","63,500.90",0.039589131,1
7/24/2024,7/23/2024,"65,370.50","65,936.80","67,072.10","65,155.20",0.029071778,0
7/23/2024,7/22/2024,"65,937.80","67,550.40","67,750.20","65,512.90",0.033120455,0
7/22/2024,7/21/2024,"67,553.60","68,158.40","68,468.90","66,601.80",0.027393542,0
7/21/2024,7/20/2024,"68,158.70","67,147.80","68,352.90","65,825.60",0.037637868,1
7/20/2024,7/19/2024,"67,148.50","66,677.00","67,586.40","66,257.40",0.019931911,1
7/19/2024,7/18/2024,"66,677.40","63,981.20","67,390.40","63,326.10",0.063523347,1
7/18/2024,7/17/2024,"63,980.50","64,090.40","65,102.00","63,253.50",0.028842073,0
7/17/2024,7/16/2024,"64,089.20","65,052.80","66,051.50","63,897.50",0.033111565,0
7/16/2024,7/15/2024,"65,049.70","64,749.20","65,319.50","62,430.80",0.044613679,1
7/15/2024,7/14/2024,"64,782.40","60,794.70","64,869.50","60,678.80",0.068931996,1
7/14/2024,7/13/2024,"60,794.90","59,207.90","61,326.90","59,207.90",0.035789143,1
7/13/2024,7/12/2024,"59,209.80","57,897.40","59,826.50","57,770.60",0.035509367,1
7/12/2024,7/11/2024,"57,885.10","57,338.30","58,520.90","56,575.70",0.033924968,1
7/11/2024,7/10/2024,"57,337.30","57,745.90","59,404.40","57,095.00",0.03999245,0
7/10/2024,7/9/2024,"57,746.70","58,040.20","59,393.80","57,185.30",0.038051213,0
7/9/2024,7/8/2024,"58,039.40","56,721.30","58,234.00","56,306.30",0.033985469,1
7/8/2024,7/7/2024,"56,724.70","55,850.20","58,115.80","54,320.00",0.067963946,1
7/7/2024,7/6/2024,"55,861.10","58,240.20","58,394.60","55,756.30",0.045300325,0
7/6/2024,7/5/2024,"58,259.20","56,640.00","58,462.00","56,026.80",0.04299435,1
7/5/2024,7/4/2024,"56,641.80","57,025.70","57,471.10","53,883.40",0.062913739,0
7/4/2024,7/3/2024,"57,026.30","60,201.40","60,463.00","56,812.70",0.060634803,0
7/3/2024,7/2/2024,"60,199.30","62,104.90","62,263.60","59,466.60",0.045036704,0
7/2/2024,7/1/2024,"62,103.30","62,888.30","63,257.00","61,797.60",0.023206224,0
7/1/2024,6/30/2024,"62,890.10","62,768.80","63,842.10","62,558.00",0.020457616,1
6/30/2024,6/29/2024,"62,754.30","60,973.10","63,006.60","60,703.70",0.037769115,1
6/29/2024,6/28/2024,"60,973.40","60,403.70","61,192.80","60,382.80",0.013409775,1
6/28/2024,6/27/2024,"60,403.30","61,684.60","62,175.40","60,081.90",0.033938779,0
6/27/2024,6/26/2024,"61,685.30","60,848.30","62,351.20","60,629.40",0.0282966,1
6/26/2024,6/25/2024,"60,849.40","61,809.90","62,469.40","60,715.10",0.028382185,0
6/25/2024,6/24/2024,"61,809.40","60,292.00","62,266.00","60,262.20",0.033234923,1
6/24/2024,6/23/2024,"60,292.70","63,201.60","63,357.10","58,589.90",0.07542847,0
6/23/2024,6/22/2024,"63,196.20","64,261.00","64,518.90","63,195.30",0.020597252,0
6/22/2024,6/21/2024,"64,261.00","64,131.90","64,523.90","63,944.00",0.009042302,1
6/21/2024,6/20/2024,"64,128.50","64,854.30","65,054.90","63,427.90",0.025087003,0
6/20/2024,6/19/2024,"64,854.30","64,982.10","66,474.20","64,566.70",0.029354238,0
6/19/2024,6/18/2024,"64,980.90","65,159.80","65,706.40","64,705.60",0.015359163,0
6/18/2024,6/17/2024,"65,159.90","66,495.70","66,571.20","64,098.40",0.037187367,0
6/17/2024,6/16/2024,"66,498.80","66,672.90","67,253.80","65,115.40",0.032073001,0
6/16/2024,6/15/2024,"66,674.70","66,223.00","66,951.40","66,038.10",0.013791281,1
6/15/2024,6/14/2024,"66,223.00","66,034.10","66,446.40","65,895.10",0.008348717,1
6/14/2024,6/13/2024,"66,034.80","66,775.20","67,347.70","65,076.50",0.034012627,0
6/13/2024,6/12/2024,"66,773.10","68,260.60","68,384.60","66,324.30",0.030182858,0
6/12/2024,6/11/2024,"68,260.10","67,320.90","69,990.80","66,911.50",0.045740624,1
6/11/2024,6/10/2024,"67,319.80","69,537.90","69,573.30","66,197.80",0.048541874,0
6/10/2024,6/9/2024,"69,538.20","69,650.20","70,152.50","69,259.90",0.012815469,0
6/9/2024,6/8/2024,"69,650.60","69,310.50","69,847.80","69,136.70",0.010259629,1
6/8/2024,6/7/2024,"69,310.10","69,347.00","69,572.10","69,222.40",0.005042756,0
6/7/2024,6/6/2024,"69,347.90","70,793.40","71,956.50","68,620.70",0.047120212,0
6/6/2024,6/5/2024,"70,791.50","71,083.60","71,616.10","70,178.70",0.020221261,0
6/5/2024,6/4/2024,"71,083.70","70,550.90","71,744.40","70,397.10",0.019096851,1
6/4/2024,6/3/2024,"70,549.20","68,808.00","71,034.20","68,564.30",0.035895535,1
6/3/2024,6/2/2024,"68,807.80","67,763.30","70,131.00","67,616.80",0.037102679,1
6/2/2024,6/1/2024,"67,773.50","67,760.80","68,447.50","67,330.60",0.016482981,1
6/1/2024,5/31/2024,"67,760.80","67,533.90","67,861.00","67,449.60",0.006091755,1
5/31/2024,5/30/2024,"67,530.10","68,352.30","69,018.20","66,676.80",0.034254882,0
5/30/2024,5/29/2024,"68,354.70","67,631.30","69,504.70","67,138.40",0.034988238,1
5/29/2024,5/28/2024,"67,635.80","68,366.20","68,897.60","67,143.20",0.025661804,0
5/28/2024,5/27/2024,"68,366.00","69,428.30","69,560.70","67,299.90",0.03256309,0
5/27/2024,5/26/2024,"69,428.70","68,514.60","70,638.30","68,275.20",0.034490459,1
5/26/2024,5/25/2024,"68,514.80","69,287.20","69,494.00","68,294.50",0.017312,0
5/25/2024,5/24/2024,"69,284.40","68,548.20","69,558.80","68,516.10",0.015211194,1
5/24/2024,5/23/2024,"68,547.60","67,971.10","69,212.00","66,685.80",0.037165795,1
5/23/2024,5/22/2024,"67,975.70","69,166.30","70,041.00","66,578.10",0.05006629,0
5/22/2024,5/21/2024,"69,155.40","70,141.00","70,593.40","69,024.30",0.022370653,0
5/21/2024,5/20/2024,"70,139.90","71,430.50","71,872.00","69,181.70",0.037663183,0
5/20/2024,5/19/2024,"71,422.70","66,278.30","71,482.80","66,076.50",0.081569684,1
5/19/2024,5/18/2024,"66,279.10","66,919.00","67,662.50","65,937.30",0.025780421,0
5/18/2024,5/17/2024,"66,917.50","67,036.60","67,361.40","66,636.10",0.010819463,0
5/17/2024,5/16/2024,"67,036.80","65,231.10","67,420.70","65,121.70",0.035243925,1
5/16/2024,5/15/2024,"65,231.00","66,219.60","66,643.90","64,623.30",0.030513624,0
5/15/2024,5/14/2024,"66,225.10","61,569.40","66,417.10","61,357.50",0.082177185,1
5/14/2024,5/13/2024,"61,569.40","62,936.80","63,102.60","61,156.90",0.03091514,0
5/13/2024,5/12/2024,"62,937.20","61,480.50","63,443.20","60,779.00",0.043334065,1
5/12/2024,5/11/2024,"61,480.00","60,826.60","61,847.70","60,647.10",0.019738075,1
5/11/2024,5/10/2024,"60,826.60","60,796.80","61,487.50","60,499.30",0.016254145,1
5/10/2024,5/9/2024,"60,796.90","63,074.30","63,454.30","60,251.80",0.050773453,0
5/9/2024,5/8/2024,"63,075.00","61,207.30","63,413.30","60,671.40",0.044796944,1
5/8/2024,5/7/2024,"61,207.50","62,304.90","62,997.40","60,894.20",0.033756575,0
5/7/2024,5/6/2024,"62,317.70","63,163.10","64,361.00","62,294.10",0.03272322,0
5/6/2024,5/5/2024,"63,163.10","64,005.80","65,448.80","62,730.70",0.042466464,0
5/5/2024,5/4/2024,"64,006.40","63,897.70","64,587.20","62,923.90",0.026030671,1
5/4/2024,5/3/2024,"63,888.30","62,887.10","64,466.00","62,599.10",0.029686533,1
5/3/2024,5/2/2024,"62,877.50","59,104.30","63,298.40","58,830.80",0.075588409,1
5/2/2024,5/1/2024,"59,121.30","58,334.90","59,548.00","56,989.80",0.043853679,1
5/1/2024,4/30/2024,"58,331.20","60,665.00","60,827.50","56,643.50",0.068968928,0
4/30/2024,4/29/2024,"60,666.60","63,852.40","64,700.20","59,228.70",0.08568981,0
4/29/2024,4/28/2024,"63,860.10","63,113.70","64,193.10","61,837.20",0.03732787,1
4/28/2024,4/27/2024,"63,109.70","63,457.90","64,346.10","62,827.80",0.023926099,0
4/27/2024,4/26/2024,"63,456.80","63,765.80","63,916.70","62,507.70",0.022096484,0
4/26/2024,4/25/2024,"63,766.40","64,497.10","64,771.30","63,354.90",0.021960677,0
4/25/2024,4/24/2024,"64,497.10","64,287.10","65,247.50","62,889.20",0.036683876,1
4/24/2024,4/23/2024,"64,285.70","66,414.90","67,060.50","63,606.90",0.052000379,0
4/23/2024,4/22/2024,"66,415.00","66,829.50","67,180.00","65,848.30",0.019926829,0
4/22/2024,4/21/2024,"66,829.30","64,940.10","67,208.00","64,527.50",0.041276499,1
4/21/2024,4/20/2024,"64,940.20","64,942.10","65,680.60","64,267.50",0.021759383,0
4/20/2024,4/19/2024,"64,961.10","63,817.60","65,375.60","63,131.70",0.035161147,1
4/19/2024,4/18/2024,"63,799.10","63,480.50","65,441.20","59,693.30",0.090545916,1
4/18/2024,4/17/2024,"63,481.40","61,278.90","64,092.40","60,822.30",0.053364209,1
4/17/2024,4/16/2024,"61,278.90","63,802.30","64,451.50","59,820.80",0.072578888,0
4/16/2024,4/15/2024,"63,805.30","63,416.10","64,274.40","61,715.60",0.040349375,1
4/15/2024,4/14/2024,"63,411.90","65,696.60","66,805.10","62,379.50",0.067364217,0
4/14/2024,4/13/2024,"65,697.40","63,909.50","65,758.20","62,174.70",0.056071476,1
4/13/2024,4/12/2024,"63,849.90","67,137.40","67,921.00","61,065.50",0.102111491,0
4/12/2024,4/11/2024,"67,151.90","70,014.90","71,226.90","65,829.30",0.077092162,0
4/11/2024,4/10/2024,"70,011.60","70,620.40","71,249.20","69,586.10",0.023549852,0
4/10/2024,4/9/2024,"70,622.10","69,147.80","71,086.90","67,570.00",0.05086062,1
4/9/2024,4/8/2024,"69,148.00","71,627.30","71,737.20","68,264.60",0.048481515,0
4/8/2024,4/7/2024,"71,630.10","69,358.00","72,710.80","69,110.50",0.051908936,1
4/7/2024,4/6/2024,"69,360.40","68,897.30","70,285.80","68,849.40",0.020848422,1
4/6/2024,4/5/2024,"68,890.60","67,830.50","69,632.00","67,467.20",0.031914847,1
4/5/2024,4/4/2024,"67,830.60","68,498.70","68,692.20","66,023.30",0.038962783,0
4/4/2024,4/3/2024,"68,496.50","65,968.40","69,238.80","65,096.30",0.062795217,1
4/3/2024,4/2/2024,"65,963.00","65,443.60","66,844.80","64,559.00",0.034927785,1
4/2/2024,4/1/2024,"65,439.20","69,662.70","69,673.00","64,628.40",0.072414649,0
4/1/2024,3/31/2024,"69,664.40","71,329.30","71,329.30","68,175.90",0.044209042,0
3/31/2024,3/30/2024,"71,332.00","69,608.50","71,367.50","69,576.60",0.02572818,1
3/30/2024,3/29/2024,"69,611.50","69,872.30","70,321.20","69,564.90",0.010824032,0
3/29/2024,3/28/2024,"69,871.70","70,766.70","70,907.00","69,090.90",0.0256632,0
3/28/2024,3/27/2024,"70,762.10","69,449.40","71,542.50","68,956.90",0.037229983,1
3/27/2024,3/26/2024,"69,442.40","69,999.20","71,670.80","68,428.60",0.046317672,0
3/26/2024,3/25/2024,"69,999.30","69,896.30","71,490.70","69,366.40",0.030392167,1
3/25/2024,3/24/2024,"69,892.00","67,216.40","71,118.80","66,395.00",0.070277492,1
3/24/2024,3/23/2024,"67,211.90","64,036.50","67,587.80","63,812.90",0.058949193,1
3/23/2024,3/22/2024,"64,037.80","63,785.60","65,972.40","63,074.90",0.045425613,1
3/22/2024,3/21/2024,"63,785.50","65,501.50","66,633.30","62,328.30",0.065723686,0
3/21/2024,3/20/2024,"65,503.80","67,860.00","68,161.70","64,616.10",0.052248747,0
3/20/2024,3/19/2024,"67,854.00","62,046.80","68,029.50","60,850.90",0.115696539,1
3/19/2024,3/18/2024,"62,050.00","67,594.10","68,099.60","61,560.60",0.096739212,0
3/18/2024,3/17/2024,"67,594.10","68,389.70","68,920.10","66,601.40",0.033904228,0
3/17/2024,3/16/2024,"68,391.20","65,314.20","68,857.70","64,605.50",0.06510376,1
3/16/2024,3/15/2024,"65,314.20","69,456.50","70,037.00","64,971.00",0.072937738,0
3/15/2024,3/14/2024,"69,463.70","71,387.10","72,398.10","65,765.60",0.092908943,0
3/14/2024,3/13/2024,"71,387.50","73,066.70","73,740.90","68,717.20",0.068754987,0
3/13/2024,3/12/2024,"73,066.30","71,461.90","73,623.50","71,338.40",0.03197648,1
3/12/2024,3/11/2024,"71,470.20","72,099.10","72,916.70","68,845.60",0.056465337,0
3/11/2024,3/10/2024,"72,099.10","68,964.70","72,771.50","67,452.80",0.077122064,1
3/10/2024,3/9/2024,"68,964.80","68,360.70","69,905.30","68,165.00",0.025457609,1
3/9/2024,3/8/2024,"68,366.50","68,178.50","68,576.90","67,923.90",0.009577799,1
3/8/2024,3/7/2024,"68,172.00","66,854.40","69,904.00","66,170.70",0.055842248,1
3/7/2024,3/6/2024,"66,855.30","66,074.60","67,985.50","65,602.60",0.036063782,1
3/6/2024,3/5/2024,"66,080.40","63,794.70","67,604.90","62,848.70",0.074554783,1
3/5/2024,3/4/2024,"63,792.60","68,273.10","69,063.10","60,138.20",0.130723521,0
3/4/2024,3/3/2024,"68,270.10","63,135.80","68,495.10","62,746.80",0.091046601,1
3/3/2024,3/2/2024,"63,135.80","61,955.60","63,227.30","61,399.40",0.029503386,1
3/2/2024,3/1/2024,"61,994.50","62,397.70","62,446.30","61,621.90",0.013212025,0
3/1/2024,2/29/2024,"62,397.70","61,157.30","63,147.30","60,790.90",0.038530151,1
2/29/2024,2/28/2024,"61,169.30","62,467.10","63,653.40","60,512.50",0.050280868,0
2/28/2024,2/27/2024,"62,467.60","57,048.70","63,915.30","56,704.90",0.12639026,1
2/27/2024,2/26/2024,"57,056.20","54,491.10","57,555.20","54,464.00",0.05672853,1
2/26/2024,2/25/2024,"54,495.10","51,722.70","54,899.10","50,925.20",0.076830869,1
2/25/2024,2/24/2024,"51,722.70","51,572.10","51,952.00","51,299.00",0.012661885,1
2/24/2024,2/23/2024,"51,571.60","50,739.60","51,689.90","50,592.00",0.021637932,1
2/23/2024,2/22/2024,"50,740.50","51,320.60","51,532.50","50,537.60",0.019385978,0
2/22/2024,2/21/2024,"51,320.40","51,850.20","52,015.80","50,947.30",0.020607442,0
2/21/2024,2/20/2024,"51,858.20","52,263.50","52,367.30","50,676.90",0.032343796,0
2/20/2024,2/19/2024,"52,263.50","51,783.10","52,936.80","50,801.80",0.041229668,1
2/19/2024,2/18/2024,"51,783.60","52,119.60","52,484.80","51,694.20",0.015168958,0
2/18/2024,2/17/2024,"52,117.50","51,646.00","52,350.30","51,199.60",0.022280525,1
2/17/2024,2/16/2024,"51,646.00","52,134.20","52,175.50","50,652.30",0.029216906,0
2/16/2024,2/15/2024,"52,134.20","51,901.40","52,556.70","51,612.60",0.018190261,1
2/15/2024,2/14/2024,"51,901.30","51,805.20","52,819.40","51,327.50",0.028798267,1
2/14/2024,2/13/2024,"51,782.40","49,708.60","52,010.70","49,263.80",0.055260056,1
2/13/2024,2/12/2024,"49,716.00","49,941.00","50,326.60","48,398.30",0.038611562,0
2/12/2024,2/11/2024,"49,941.30","48,280.20","50,277.30","47,729.90",0.05276283,1
2/11/2024,2/10/2024,"48,277.30","47,759.30","48,531.60","47,590.20",0.019711344,1
2/10/2024,2/9/2024,"47,758.20","47,128.00","48,149.00","46,875.00",0.027032762,1
2/9/2024,2/8/2024,"47,127.50","45,293.30","48,118.80","45,254.20",0.063245557,1
2/8/2024,2/7/2024,"45,293.30","44,346.20","45,579.20","44,336.40",0.028024949,1
2/7/2024,2/6/2024,"44,339.80","43,088.40","44,367.90","42,783.50",0.036770917,1
2/6/2024,2/5/2024,"43,087.70","42,697.60","43,375.50","42,566.80",0.018940175,1
2/5/2024,2/4/2024,"42,697.20","42,581.40","43,532.20","42,272.50",0.029583339,1
2/4/2024,2/3/2024,"42,581.40","43,006.20","43,113.20","42,379.40",0.017062656,0
2/3/2024,2/2/2024,"43,005.70","43,194.70","43,370.40","42,882.00",0.011306943,0
2/2/2024,2/1/2024,"43,194.70","43,083.70","43,459.30","42,596.30",0.020030777,1
2/1/2024,1/31/2024,"43,081.40","42,580.10","43,263.10","41,890.50",0.032235716,1
1/31/2024,1/30/2024,"42,580.50","42,946.20","43,739.70","42,315.40",0.03316475,0
1/30/2024,1/29/2024,"42,946.20","43,303.30","43,817.90","42,702.90",0.025748615,0
1/29/2024,1/28/2024,"43,299.80","42,031.40","43,305.60","41,824.70",0.035233183,1
1/28/2024,1/27/2024,"42,030.70","42,121.30","42,817.10","41,649.00",0.027731813,0
1/27/2024,1/26/2024,"42,120.90","41,811.50","42,191.80","41,413.00",0.018626454,1
1/26/2024,1/25/2024,"41,811.30","39,942.00","42,214.80","39,831.20",0.059676531,1
1/25/2024,1/24/2024,"39,935.70","40,085.10","40,285.80","39,546.30",0.018448251,0
1/24/2024,1/23/2024,"40,086.00","39,891.30","40,535.20","39,510.00",0.025699839,1
1/23/2024,1/22/2024,"39,888.80","39,555.00","40,159.40","38,546.90",0.040766022,1
1/22/2024,1/21/2024,"39,556.40","41,581.70","41,684.90","39,468.40",0.053304699,0
1/21/2024,1/20/2024,"41,583.20","41,695.40","41,878.00","41,504.50",0.008957823,0
1/20/2024,1/19/2024,"41,695.40","41,647.60","41,858.00","41,449.50",0.009808488,1
1/19/2024,1/18/2024,"41,648.00","41,293.80","42,164.60","40,305.40",0.045023708,1
1/18/2024,1/17/2024,"41,292.70","42,763.50","42,908.00","40,682.60",0.052039707,0
1/17/2024,1/16/2024,"42,768.70","43,139.10","43,192.30","42,211.80",0.022728801,0
1/16/2024,1/15/2024,"43,145.50","42,515.20","43,563.70","42,093.10",0.034589982,1
1/15/2024,1/14/2024,"42,510.70","41,747.60","43,348.90","41,719.20",0.039036975,1
1/14/2024,1/13/2024,"41,746.10","42,851.30","43,069.40","41,739.60",0.031032897,0
1/13/2024,1/12/2024,"42,851.30","42,836.70","43,248.60","42,443.30",0.018799301,1
1/12/2024,1/11/2024,"42,835.90","46,348.10","46,503.20","41,857.90",0.100226331,0
1/11/2024,1/10/2024,"46,348.20","46,629.30","48,923.70","45,651.80",0.070168328,0
1/10/2024,1/9/2024,"46,629.30","46,112.00","47,654.30","44,403.60",0.070495749,1
1/9/2024,1/8/2024,"46,129.00","46,959.20","47,880.10","45,333.90",0.054221537,0
1/8/2024,1/7/2024,"46,962.20","43,934.20","47,196.70","43,251.00",0.089809306,1
1/7/2024,1/6/2024,"43,927.30","43,973.50","44,481.20","43,627.90",0.019404869,0
1/6/2024,1/5/2024,"43,967.90","44,156.60","44,203.20","43,424.00",0.017646286,0
1/5/2024,1/4/2024,"44,156.90","44,163.00","44,312.10","42,629.00",0.038111088,0
1/4/2024,1/3/2024,"44,157.00","42,836.10","44,744.50","42,632.80",0.049297205,1
1/3/2024,1/2/2024,"42,836.10","44,943.70","45,492.70","40,888.30",0.102448174,0
1/2/2024,1/1/2024,"44,943.70","44,182.90","45,885.40","44,166.00",0.038915508,1
1/1/2024,12/31/2023,"44,183.40","42,272.50","44,187.00","42,196.70",0.047082619,1
12/31/2023,12/30/2023,"42,272.50","42,141.60","42,878.80","41,971.40",0.021532168,1
12/30/2023,12/29/2023,"42,136.70","42,074.70","42,592.20","41,527.30",0.025309747,1
12/29/2023,12/28/2023,"42,072.40","42,581.10","43,108.00","41,459.00",0.038726101,0
12/28/2023,12/27/2023,"42,581.10","43,446.50","43,782.60","42,309.30",0.033910672,0
12/27/2023,12/26/2023,"43,446.50","42,514.30","43,676.70","42,115.30",0.036726466,1
12/26/2023,12/25/2023,"42,513.30","43,579.90","43,594.90","41,796.60",0.041264436,0
12/25/2023,12/24/2023,"43,578.50","42,982.00","43,792.70","42,745.30",0.02436834,1
12/24/2023,12/23/2023,"42,981.50","43,710.40","43,935.70","42,748.50",0.027160584,0
12/23/2023,12/22/2023,"43,710.40","43,968.90","43,994.60","43,325.70",0.015213026,0
12/22/2023,12/21/2023,"43,968.90","43,865.90","44,394.60","43,419.30",0.022233671,1
12/21/2023,12/20/2023,"43,865.90","43,660.30","44,241.80","43,310.20",0.021337462,1
12/20/2023,12/19/2023,"43,662.80","42,259.50","44,278.70","42,217.20",0.048781931,1
12/19/2023,12/18/2023,"42,259.30","42,659.70","43,473.30","41,842.70",0.038223429,0
12/18/2023,12/17/2023,"42,659.70","41,369.10","42,728.00","40,554.00",0.0525513,1
12/17/2023,12/16/2023,"41,368.70","42,271.70","42,413.20","41,276.90",0.026880868,0
12/16/2023,12/15/2023,"42,271.70","41,929.00","42,690.30","41,698.20",0.023661428,1
12/15/2023,12/14/2023,"41,929.00","43,025.20","43,080.70","41,697.90",0.032139304,0
12/14/2023,12/13/2023,"43,025.90","42,886.30","43,392.70","41,591.20",0.042006422,1
12/13/2023,12/12/2023,"42,884.50","41,487.00","43,417.50","40,649.30",0.066724516,1
12/12/2023,12/11/2023,"41,487.00","41,256.10","42,070.90","40,691.50",0.033435056,1
12/11/2023,12/10/2023,"41,256.10","43,791.00","43,806.30","40,277.10",0.080591902,0
12/10/2023,12/9/2023,"43,791.00","43,716.60","44,045.40","43,576.80",0.01071904,1
12/9/2023,12/8/2023,"43,718.40","44,175.50","44,361.20","43,617.40",0.016837387,0
12/8/2023,12/7/2023,"44,175.50","43,288.30","44,697.60","43,108.40",0.036711998,1
12/7/2023,12/6/2023,"43,289.70","43,774.40","44,046.40","42,860.50",0.027091177,0
12/6/2023,12/5/2023,"43,776.30","44,076.20","44,283.70","43,466.70",0.018536081,0
12/5/2023,12/4/2023,"44,076.20","41,989.60","44,424.10","41,424.90",0.071427211,1
12/4/2023,12/3/2023,"41,987.80","39,968.60","42,394.40","39,968.60",0.060692644,1
12/3/2023,12/2/2023,"39,970.20","39,456.80","40,178.90","39,280.30",0.022774275,1
12/2/2023,12/1/2023,"39,458.40","38,688.20","39,673.40","38,646.50",0.026542977,1
12/1/2023,11/30/2023,"38,688.20","37,712.90","38,950.80","37,618.30",0.035332738,1
11/30/2023,11/29/2023,"37,712.90","37,857.60","38,144.40","37,509.20",0.016778665,0
11/29/2023,11/28/2023,"37,855.50","37,823.30","38,362.90","37,607.60",0.019969172,1
11/28/2023,11/27/2023,"37,823.30","37,244.30","38,379.40","36,881.10",0.040228975,1
11/27/2023,11/26/2023,"37,248.60","37,451.80","37,563.30","36,751.50",0.021675861,0
11/26/2023,11/25/2023,"37,451.80","37,786.40","37,819.10","37,166.30",0.017276057,0
11/25/2023,11/24/2023,"37,787.00","37,718.60","37,887.40","37,599.90",0.007622234,1
11/24/2023,11/23/2023,"37,717.30","37,295.00","38,400.80","37,257.40",0.030658265,1
11/23/2023,11/22/2023,"37,293.10","37,410.80","37,642.50","36,915.30",0.019438237,0
11/22/2023,11/21/2023,"37,410.80","35,797.50","37,862.50","35,695.60",0.06053216,1
11/21/2023,11/20/2023,"35,813.60","37,452.70","37,631.20","35,799.20",0.048915031,0
11/20/2023,11/19/2023,"37,454.10","37,356.60","37,735.60","36,857.60",0.02350321,1
11/19/2023,11/18/2023,"37,354.20","36,568.60","37,504.60","36,393.30",0.03038946,1
11/18/2023,11/17/2023,"36,568.60","36,617.50","36,845.20","36,220.60",0.017057418,0
11/17/2023,11/16/2023,"36,595.40","36,161.80","36,690.60","35,875.20",0.022548656,1
11/16/2023,11/15/2023,"36,161.20","37,873.90","37,907.60","35,561.60",0.061942393,0
11/15/2023,11/14/2023,"37,874.90","35,549.30","37,954.10","35,379.60",0.072420554,1
11/14/2023,11/13/2023,"35,549.30","36,478.30","36,744.50","34,984.30",0.048253345,0
11/13/2023,11/12/2023,"36,478.30","37,067.80","37,404.60","36,358.40",0.028223957,0
11/12/2023,11/11/2023,"37,064.40","37,149.00","37,215.30","36,761.90",0.012204905,0
11/11/2023,11/10/2023,"37,150.50","37,306.30","37,401.30","36,767.60",0.016986407,0
11/10/2023,11/9/2023,"37,303.00","36,700.50","37,496.10","36,347.20",0.031304751,1
11/9/2023,11/8/2023,"36,700.50","35,636.90","37,942.00","35,578.10",0.06633293,1
11/8/2023,11/7/2023,"35,636.90","35,426.20","36,050.20","35,148.80",0.025444445,1
11/7/2023,11/6/2023,"35,426.10","35,042.10","35,877.90","34,536.90",0.038268254,1
11/6/2023,11/5/2023,"35,042.00","35,020.30","35,275.60","34,742.90",0.015211178,1
11/5/2023,11/4/2023,"35,019.40","35,065.80","35,360.20","34,550.00",0.023105134,0
11/4/2023,11/3/2023,"35,065.80","34,718.60","35,242.20","34,601.10",0.018465606,1
11/3/2023,11/2/2023,"34,718.70","34,931.40","34,940.60","34,124.20",0.023371522,0
11/2/2023,11/1/2023,"34,931.40","35,423.80","35,907.60","34,357.40",0.043761539,0
11/1/2023,10/31/2023,"35,423.80","34,648.30","35,557.50","34,138.70",0.040948618,1
10/31/2023,10/30/2023,"34,650.60","34,478.90","34,704.60","34,053.90",0.018872412,1
10/30/2023,10/29/2023,"34,477.90","34,526.70","34,853.30","34,089.50",0.02212201,0
10/29/2023,10/28/2023,"34,526.70","34,082.60","34,737.90","33,937.60",0.02348119,1
10/28/2023,10/27/2023,"34,082.60","33,901.60","34,387.80","33,867.30",0.015353258,1
10/27/2023,10/26/2023,"33,901.80","34,153.70","34,245.80","33,423.60",0.024073526,0
10/26/2023,10/25/2023,"34,153.70","34,497.60","34,826.00","33,749.90",0.031193474,0
10/25/2023,10/24/2023,"34,496.80","33,917.00","35,123.90","33,713.40",0.041586815,1
10/24/2023,10/23/2023,"33,917.00","33,037.30","35,191.40","32,866.50",0.070371973,1
10/23/2023,10/22/2023,"33,041.80","29,984.20","34,375.60","29,891.40",0.149552097,1
10/22/2023,10/21/2023,"29,984.20","29,912.70","30,193.40","29,713.60",0.01604001,1
10/21/2023,10/20/2023,"29,912.90","29,674.70","30,264.80","29,469.10",0.026814087,1
10/20/2023,10/19/2023,"29,674.50","28,724.00","30,165.90","28,586.10",0.054999304,1
10/19/2023,10/18/2023,"28,723.00","28,321.80","28,883.80","28,170.20",0.025196139,1
10/18/2023,10/17/2023,"28,321.70","28,405.20","28,876.00","28,169.00",0.024889809,0
10/17/2023,10/16/2023,"28,403.60","28,508.30","28,608.50","28,096.90",0.017945651,0
10/16/2023,10/15/2023,"28,509.70","27,161.20","29,969.50","27,119.70",0.104921727,1
10/15/2023,10/14/2023,"27,161.20","26,852.80","27,286.90","26,812.60",0.017662963,1
10/14/2023,10/13/2023,"26,852.80","26,863.50","26,975.70","26,805.10",0.006350624,0
10/13/2023,10/12/2023,"26,863.50","26,761.10","27,114.80","26,682.90",0.016139097,1
10/12/2023,10/11/2023,"26,761.10","26,878.20","26,942.80","26,565.30",0.014044839,0
10/11/2023,10/10/2023,"26,876.60","27,391.90","27,475.90","26,558.40",0.033495303,0
10/10/2023,10/9/2023,"27,391.00","27,581.50","27,728.10","27,300.10",0.015517648,0
10/9/2023,10/8/2023,"27,581.40","27,922.70","27,986.40","27,279.50",0.02531632,0
10/8/2023,10/7/2023,"27,922.70","27,961.10","28,097.50","27,714.40",0.013701178,0
10/7/2023,10/6/2023,"27,961.10","27,935.50","28,021.30","27,859.00",0.005809812,1
10/6/2023,10/5/2023,"27,936.90","27,410.30","28,223.60","27,195.70",0.037500502,1
10/5/2023,10/4/2023,"27,410.30","27,783.50","28,089.10","27,371.70",0.025821081,0
10/4/2023,10/3/2023,"27,790.90","27,428.70","27,832.70","27,242.50",0.021517607,1
10/3/2023,10/2/2023,"27,428.40","27,501.60","27,670.80","27,194.10",0.017333537,0
10/2/2023,10/1/2023,"27,505.30","27,974.60","28,556.60","27,325.20",0.044018502,0
10/1/2023,9/30/2023,"27,974.50","26,962.50","28,038.40","26,955.70",0.040155772,1
9/30/2023,9/29/2023,"26,962.70","26,908.10","27,085.70","26,887.50",0.007365812,1
9/29/2023,9/28/2023,"26,909.80","27,022.60","27,229.50","26,728.80",0.018528935,0
9/28/2023,9/27/2023,"27,022.60","26,368.20","27,283.60","26,339.40",0.035808284,1
9/27/2023,9/26/2023,"26,366.10","26,218.90","26,836.90","26,109.10",0.027758602,1
9/26/2023,9/25/2023,"26,218.90","26,303.10","26,396.20","26,093.40",0.011511951,0
9/25/2023,9/24/2023,"26,302.70","26,251.60","26,423.60","26,013.60",0.015618096,1
9/24/2023,9/23/2023,"26,251.50","26,579.00","26,727.60","26,162.20",0.021272433,0
9/23/2023,9/22/2023,"26,579.20","26,581.70","26,636.20","26,517.50",0.004465478,0
9/22/2023,9/21/2023,"26,581.90","26,569.50","26,736.40","26,488.50",0.009330247,1
9/21/2023,9/20/2023,"26,570.00","27,125.20","27,155.60","26,382.30",0.028508546,0
9/20/2023,9/19/2023,"27,125.00","27,209.20","27,378.60","26,851.80",0.019361098,0
9/19/2023,9/18/2023,"27,209.20","26,759.00","27,480.70","26,672.20",0.030214134,1
9/18/2023,9/17/2023,"26,763.50","26,530.30","27,413.30","26,405.20",0.037998063,1
9/17/2023,9/16/2023,"26,529.10","26,562.00","26,614.40","26,408.70",0.007744146,0
9/16/2023,9/15/2023,"26,562.00","26,599.90","26,769.00","26,463.50",0.011485006,0
9/15/2023,9/14/2023,"26,601.00","26,523.30","26,837.40","26,233.10",0.022783741,1
9/14/2023,9/13/2023,"26,524.70","26,223.00","26,760.30","26,148.60",0.02332685,1
9/13/2023,9/12/2023,"26,223.00","25,836.10","26,382.30","25,766.90",0.023819385,1
9/12/2023,9/11/2023,"25,834.50","25,166.40","26,472.60","25,133.50",0.053209835,1
9/11/2023,9/10/2023,"25,166.40","25,840.20","25,897.40","24,923.10",0.037704817,0
9/10/2023,9/9/2023,"25,840.20","25,901.10","25,995.10","25,626.70",0.014223334,0
9/9/2023,9/8/2023,"25,901.10","25,909.50","25,938.50","25,814.30",0.004793609,0
9/8/2023,9/7/2023,"25,909.50","26,248.50","26,415.40","25,701.60",0.027193935,0
9/7/2023,9/6/2023,"26,249.80","25,758.00","26,417.70","25,626.50",0.030716671,1
9/6/2023,9/5/2023,"25,758.00","25,790.10","26,018.40","25,411.70",0.023524531,0
9/5/2023,9/4/2023,"25,790.20","25,824.40","25,864.00","25,596.30",0.010366165,0
9/4/2023,9/3/2023,"25,823.30","25,971.00","26,094.20","25,660.90",0.016683994,0
9/3/2023,9/2/2023,"25,971.00","25,869.70","26,090.40","25,816.60",0.01058381,1
9/2/2023,9/1/2023,"25,869.70","25,803.50","25,977.40","25,752.70",0.008708121,1
9/1/2023,8/31/2023,"25,803.20","25,938.30","26,144.90","25,361.90",0.030187021,0
8/31/2023,8/30/2023,"25,937.30","27,300.60","27,464.50","25,731.00",0.063496773,0
8/30/2023,8/29/2023,"27,298.80","27,723.90","27,757.30","27,043.20",0.025757559,0
8/29/2023,8/28/2023,"27,723.90","26,118.10","28,046.00","25,919.80",0.081407147,1
8/28/2023,8/27/2023,"26,118.90","26,100.60","26,215.70","25,891.00",0.012440327,1
8/27/2023,8/26/2023,"26,100.60","26,017.10","26,176.80","25,968.70",0.007998586,1
8/26/2023,8/25/2023,"26,017.10","26,057.20","26,114.10","25,993.50",0.004628279,0
8/25/2023,8/24/2023,"26,057.20","26,176.10","26,265.70","25,811.60",0.017347886,0
8/24/2023,8/23/2023,"26,177.00","26,436.20","26,560.50","25,943.60",0.023335426,0
8/23/2023,8/22/2023,"26,436.20","26,042.00","26,807.70","25,812.60",0.038211351,1
8/22/2023,8/21/2023,"26,039.90","26,126.80","26,138.80","25,481.90",0.025142765,0
8/21/2023,8/20/2023,"26,126.00","26,190.80","26,220.90","25,850.80",0.014130916,0
8/20/2023,8/19/2023,"26,190.80","26,099.50","26,269.10","25,998.50",0.010368015,1
8/19/2023,8/18/2023,"26,099.40","26,053.30","26,262.20","25,799.50",0.017759746,1
8/18/2023,8/17/2023,"26,053.20","26,635.70","26,801.90","25,691.00",0.041707182,0
8/17/2023,8/16/2023,"26,635.70","28,726.10","28,771.80","25,489.40",0.114265424,0
8/16/2023,8/15/2023,"28,726.30","29,195.30","29,251.10","28,717.60",0.018273489,0
8/15/2023,8/14/2023,"29,195.30","29,426.70","29,472.00","29,118.60",0.012009502,0
8/14/2023,8/13/2023,"29,426.70","29,300.10","29,689.00","29,116.00",0.019556247,1
8/13/2023,8/12/2023,"29,300.10","29,428.20","29,468.50","29,272.30",0.006667074,0
8/12/2023,8/11/2023,"29,428.20","29,420.80","29,480.80","29,375.40",0.003582499,1
8/11/2023,8/10/2023,"29,420.80","29,448.90","29,544.90","29,271.20",0.009294065,0
8/10/2023,8/9/2023,"29,449.00","29,578.00","29,719.40","29,377.50",0.011559267,0
8/9/2023,8/8/2023,"29,578.00","29,771.30","30,104.00","29,384.20",0.024177648,0
8/8/2023,8/7/2023,"29,777.40","29,204.20","30,168.60","29,137.70",0.035299717,1
8/7/2023,8/6/2023,"29,204.20","29,081.30","29,270.20","28,721.00",0.018884988,1
8/6/2023,8/5/2023,"29,081.30","29,067.90","29,198.90","28,987.40",0.007276067,1
8/5/2023,8/4/2023,"29,068.10","29,105.60","29,139.30","28,983.00",0.005370101,0
8/4/2023,8/3/2023,"29,105.50","29,189.10","29,319.10","28,875.80",0.015187176,0
8/3/2023,8/2/2023,"29,189.30","29,180.90","29,409.80","28,981.00",0.014694543,1
8/2/2023,8/1/2023,"29,173.70","29,711.80","30,025.90","28,961.60",0.035820785,0
8/1/2023,7/31/2023,"29,712.20","29,232.30","29,712.20","28,611.00",0.037670659,1
7/31/2023,7/30/2023,"29,232.40","29,282.00","29,502.30","29,128.30",0.012772352,0
7/30/2023,7/29/2023,"29,281.70","29,354.20","29,446.60","29,054.50",0.013357543,0
7/29/2023,7/28/2023,"29,353.50","29,315.00","29,400.10","29,256.90",0.004884871,1
7/28/2023,7/27/2023,"29,315.00","29,222.70","29,533.00","29,125.10",0.013958327,1
7/27/2023,7/26/2023,"29,222.70","29,352.90","29,568.80","29,094.00",0.016175574,0
7/26/2023,7/25/2023,"29,352.20","29,228.80","29,681.80","29,109.70",0.019573161,1
7/25/2023,7/24/2023,"29,228.60","29,178.30","29,365.40","29,058.70",0.010511236,1
7/24/2023,7/23/2023,"29,178.10","30,085.90","30,098.20","28,890.70",0.04013508,0
7/23/2023,7/22/2023,"30,085.90","29,788.90","30,337.00","29,735.70",0.020185371,1
7/22/2023,7/21/2023,"29,788.90","29,904.50","29,988.00","29,657.30",0.011058536,0
7/21/2023,7/20/2023,"29,903.10","29,801.00","30,058.90","29,739.90",0.010704339,1
7/20/2023,7/19/2023,"29,801.00","29,909.70","30,408.00","29,621.40",0.02629916,0
7/19/2023,7/18/2023,"29,909.70","29,866.70","30,185.50","29,789.30",0.01326561,1
7/18/2023,7/17/2023,"29,866.80","30,139.70","30,242.40","29,624.60",0.020497882,0
7/17/2023,7/16/2023,"30,139.70","30,235.50","30,335.90","29,693.30",0.021253163,0
7/16/2023,7/15/2023,"30,235.50","30,291.80","30,435.00","30,075.40",0.011871199,0
7/15/2023,7/14/2023,"30,291.40","30,316.80","30,395.40","30,246.90",0.004898274,0
7/14/2023,7/13/2023,"30,317.40","31,465.40","31,602.60","29,944.30",0.052702333,0
7/13/2023,7/12/2023,"31,466.10","30,387.30","31,764.50","30,260.00",0.049510815,1
7/12/2023,7/11/2023,"30,387.30","30,623.30","30,951.30","30,231.70",0.023498447,0
7/11/2023,7/10/2023,"30,623.30","30,414.20","30,782.20","30,333.80",0.014743113,1
7/10/2023,7/9/2023,"30,415.30","30,166.90","31,019.60","29,969.10",0.034822935,1
7/9/2023,7/8/2023,"30,166.90","30,288.80","30,425.50","30,071.90",0.011674282,0
7/8/2023,7/7/2023,"30,288.80","30,346.80","30,379.90","30,055.90",0.010676579,0
7/7/2023,7/6/2023,"30,346.40","29,912.70","30,442.00","29,757.40",0.0228866,1
7/6/2023,7/5/2023,"29,913.10","30,512.80","31,463.60","29,869.00",0.052260035,0
7/5/2023,7/4/2023,"30,512.80","30,768.60","30,875.60","30,233.30",0.020875178,0
7/4/2023,7/3/2023,"30,768.40","31,152.00","31,326.50","30,657.80",0.021465716,0
7/3/2023,7/2/2023,"31,151.30","30,617.50","31,377.00","30,581.50",0.025981873,1
7/2/2023,7/1/2023,"30,617.70","30,587.10","30,769.00","30,227.90",0.017690464,1
7/1/2023,6/30/2023,"30,586.80","30,472.90","30,649.90","30,329.00",0.010530668,1
6/30/2023,6/29/2023,"30,472.90","30,445.70","31,275.50","29,714.50",0.051271608,1
6/29/2023,6/28/2023,"30,445.70","30,077.30","30,823.10","30,051.30",0.025660548,1
6/28/2023,6/27/2023,"30,078.60","30,691.90","30,703.40","29,919.50",0.025540941,0
6/27/2023,6/26/2023,"30,689.10","30,267.00","30,993.70","30,231.30",0.02518915,1
6/26/2023,6/25/2023,"30,267.00","30,466.30","30,645.90","29,986.30",0.021650151,0
6/25/2023,6/24/2023,"30,465.30","30,533.60","31,040.20","30,315.80",0.023724684,0
6/24/2023,6/23/2023,"30,533.60","30,680.70","30,795.30","30,269.40",0.017141069,0
6/23/2023,6/22/2023,"30,679.40","29,890.20","31,395.40","29,822.60",0.052619253,1
6/22/2023,6/21/2023,"29,890.50","29,992.80","30,497.80","29,590.40",0.030253928,0
6/21/2023,6/20/2023,"29,996.90","28,307.70","30,769.50","28,270.50",0.088279867,1
6/20/2023,6/19/2023,"28,307.70","26,845.90","28,393.00","26,665.50",0.064348746,1
6/19/2023,6/18/2023,"26,845.90","26,339.70","27,029.70","26,295.10",0.02788946,1
6/18/2023,6/17/2023,"26,339.70","26,515.00","26,679.30","26,290.60",0.014659627,0
6/17/2023,6/16/2023,"26,515.00","26,341.30","26,767.30","26,183.50",0.022162915,1
6/16/2023,6/15/2023,"26,341.30","25,591.90","26,472.80","25,276.00",0.046764797,1
6/15/2023,6/14/2023,"25,591.30","25,129.50","25,732.80","24,838.00",0.035607553,1
6/14/2023,6/13/2023,"25,129.50","25,929.00","26,051.70","24,847.40",0.046446064,0
6/13/2023,6/12/2023,"25,929.40","25,906.90","26,428.90","25,726.40",0.027116328,1
6/12/2023,6/11/2023,"25,906.80","25,927.90","26,080.70","25,635.00",0.017189977,0
6/11/2023,6/10/2023,"25,928.40","25,843.30","26,190.10","25,660.80",0.020481131,1
6/10/2023,6/9/2023,"25,844.00","26,479.30","26,525.10","25,468.30",0.039910421,0
6/9/2023,6/8/2023,"26,479.30","26,501.10","26,773.90","26,326.70",0.016874771,0
6/8/2023,6/7/2023,"26,501.10","26,341.80","26,784.40","26,231.30",0.020997047,1
6/7/2023,6/6/2023,"26,342.50","27,230.20","27,342.00","26,141.00",0.044105442,0
6/6/2023,6/5/2023,"27,230.20","25,745.60","27,325.20","25,425.60",0.073783481,1
6/5/2023,6/4/2023,"25,747.40","27,122.30","27,125.50","25,437.50",0.06223661,0
6/4/2023,6/3/2023,"27,122.30","27,070.90","27,410.20","26,956.10",0.01677447,1
6/3/2023,6/2/2023,"27,072.00","27,246.00","27,317.50","26,931.40",0.014170887,0
6/2/2023,6/1/2023,"27,244.70","26,819.00","27,299.40","26,541.30",0.028267273,1
