,year,month,day,total,postotal,negtotal,neutotal,snpcomments,fedcomments,cryptocomments
0,2024,3,19,8,6,2,0,0,0,3
1,2023,9,4,24,11,11,2,1,1,6
2,2023,6,29,10,5,5,0,0,0,0
3,2023,8,10,21,14,7,0,0,0,1
4,2023,7,4,6,1,3,2,0,1,0
5,2023,8,14,30,26,3,1,0,0,3
6,2023,7,2,10,4,6,0,0,0,1
7,2023,7,20,30,15,14,1,0,0,4
8,2023,8,31,22,14,5,3,0,0,4
9,2023,7,22,23,12,8,3,0,0,1
10,2023,8,22,25,13,11,1,0,0,4
11,2023,7,5,8,3,5,0,0,1,1
12,2023,9,16,23,14,7,2,1,0,6
13,2024,7,5,6,2,4,0,0,0,3
14,2023,8,11,25,15,9,1,0,0,4
15,2023,9,23,18,12,5,1,0,0,6
16,2023,9,27,19,11,6,2,0,0,2
17,2023,9,11,25,15,10,0,1,0,4
18,2023,8,9,35,22,12,1,0,0,6
19,2023,7,26,25,15,8,2,0,0,4
20,2023,9,9,25,12,11,2,1,0,6
21,2023,7,28,17,12,3,2,0,0,5
22,2023,8,12,21,13,8,0,0,0,6
23,2023,9,20,23,10,13,0,0,0,5
24,2023,6,3,11,5,6,0,0,0,2
25,2023,11,16,7,6,0,1,0,0,1
26,2023,12,20,5,3,2,0,0,0,2
27,2023,6,6,15,7,7,1,0,0,4
28,2023,7,21,26,12,12,2,0,1,3
29,2023,12,8,12,9,3,0,1,0,2
30,2023,7,7,13,8,5,0,0,0,1
31,2023,9,24,19,7,11,1,0,0,2
32,2024,3,5,13,10,3,0,0,0,3
33,2023,7,6,15,11,4,0,0,0,4
34,2023,10,19,6,4,1,1,0,0,1
35,2023,8,3,17,6,10,1,0,0,4
36,2024,3,11,9,5,3,1,0,0,1
37,2023,7,27,22,17,4,1,0,0,6
38,2023,9,7,18,9,8,1,0,0,4
39,2023,8,15,27,17,10,0,0,0,6
40,2024,3,7,8,4,4,0,0,0,2
41,2023,8,6,9,6,3,0,0,0,7
42,2023,8,8,23,15,8,0,0,0,2
43,2023,8,28,21,14,4,3,0,0,4
44,2023,9,14,23,17,4,2,1,0,5
45,2023,9,25,15,6,8,1,0,0,2
46,2023,6,19,7,5,2,0,0,0,1
47,2023,6,22,10,4,6,0,0,0,3
48,2023,10,12,23,14,8,1,0,0,4
49,2023,11,13,10,7,3,0,0,0,3
50,2023,6,1,9,6,3,0,0,0,1
51,2023,8,29,28,18,10,0,1,0,2
52,2023,7,24,37,23,14,0,0,0,5
53,2023,7,9,6,2,3,1,0,0,1
54,2023,10,14,13,6,4,3,0,0,3
55,2023,9,19,19,10,9,0,0,0,3
56,2023,10,9,17,10,6,1,1,1,4
57,2024,1,11,20,11,5,4,1,2,2
58,2023,9,2,19,10,7,2,0,0,2
59,2023,9,26,20,10,9,1,0,0,4
60,2024,3,8,7,5,1,1,0,0,1
61,2023,10,18,6,3,2,1,0,0,0
62,2023,6,28,15,6,9,0,0,1,3
63,2023,9,30,14,12,2,0,0,0,5
64,2024,1,3,11,5,6,0,0,0,3
65,2023,9,28,19,11,6,2,1,0,3
66,2024,3,23,8,3,4,1,0,0,0
67,2023,11,14,11,8,3,0,0,0,2
68,2023,12,17,8,7,1,0,0,0,4
69,2023,9,12,21,12,7,2,0,0,2
70,2023,9,10,15,8,6,1,0,0,4
71,2023,6,4,10,6,4,0,0,0,4
72,2023,10,20,4,1,3,0,0,0,1
73,2023,6,10,17,8,7,2,0,0,4
74,2023,6,24,9,6,2,1,0,2,3
75,2023,6,17,16,8,8,0,0,0,4
76,2023,11,1,3,2,1,0,0,0,0
77,2023,9,5,25,15,9,1,1,0,6
78,2024,3,6,5,3,2,0,0,0,0
79,2023,9,1,29,16,11,2,0,0,6
80,2023,8,4,21,12,9,0,0,0,4
81,2023,7,29,18,11,7,0,0,0,2
82,2024,1,9,11,6,4,1,0,0,2
83,2023,8,30,31,16,13,2,0,0,5
84,2023,6,21,15,9,5,1,0,0,3
85,2023,11,15,12,10,2,0,0,0,2
86,2023,7,12,16,10,5,1,1,0,3
87,2023,9,29,23,13,8,2,0,0,3
88,2023,10,7,7,4,2,1,0,0,2
89,2024,1,10,9,5,4,0,0,0,1
90,2023,9,3,16,10,6,0,0,0,4
91,2023,7,1,10,6,4,0,0,0,2
92,2024,4,13,7,5,2,0,0,0,3
93,2024,2,27,11,5,5,1,0,0,1
94,2023,8,13,23,10,12,1,0,0,7
95,2023,10,3,17,12,4,1,0,0,2
96,2023,12,26,8,7,1,0,0,0,2
97,2023,7,18,29,18,11,0,0,0,5
98,2024,3,17,11,7,3,1,0,0,1
99,2024,3,18,11,7,3,1,0,0,2
100,2023,9,22,22,14,7,1,0,0,5
101,2023,7,31,13,5,8,0,0,0,4
102,2023,8,25,23,11,11,1,0,2,3
103,2023,8,2,17,10,6,1,0,0,3
104,2023,6,18,3,2,1,0,0,0,0
105,2023,6,15,7,2,5,0,0,0,0
106,2023,6,14,20,10,10,0,0,0,7
107,2023,6,16,13,7,5,1,0,0,2
108,2023,7,17,15,8,7,0,1,1,4
109,2023,10,4,22,15,6,1,2,0,3
110,2024,3,14,12,8,3,1,0,0,5
111,2024,3,20,7,3,4,0,0,0,2
112,2023,6,30,11,6,5,0,0,0,4
113,2023,8,5,14,7,7,0,0,0,2
114,2024,2,29,7,4,3,0,0,0,2
115,2023,12,22,7,6,1,0,0,0,0
116,2024,7,29,9,6,3,0,0,0,2
117,2023,6,2,12,6,6,0,0,0,5
118,2024,3,12,15,6,9,0,0,0,2
119,2023,7,16,12,7,5,0,0,1,0
120,2023,6,9,21,11,10,0,0,0,5
121,2023,10,8,21,10,7,4,0,1,8
122,2023,7,11,6,4,2,0,0,0,1
123,2023,6,7,16,8,6,2,0,0,5
124,2023,8,7,18,14,4,0,0,0,3
125,2023,8,27,16,11,2,3,0,0,2
126,2023,10,15,20,13,4,3,0,0,6
127,2023,9,18,24,16,6,2,0,0,5
128,2023,9,8,22,7,13,2,0,1,5
129,2023,8,17,26,12,13,1,0,0,5
130,2023,6,27,10,6,3,1,0,0,3
131,2023,11,21,9,4,5,0,0,0,0
132,2023,7,10,8,7,1,0,0,0,3
133,2023,10,1,16,9,6,1,1,0,1
134,2023,10,13,17,11,6,0,0,2,4
135,2023,9,15,18,12,5,1,0,1,5
136,2023,10,16,20,13,5,2,1,0,2
137,2023,10,5,14,10,3,1,0,0,6
138,2023,6,8,11,5,6,0,0,0,0
139,2023,8,24,22,15,7,0,0,0,5
140,2023,9,21,17,9,7,1,0,0,0
141,2024,3,13,10,9,1,0,0,0,4
142,2023,6,5,13,7,6,0,0,0,3
143,2023,7,23,23,10,12,1,0,1,5
144,2024,2,16,7,4,3,0,0,0,1
145,2023,11,22,7,3,3,1,0,0,2
146,2023,7,15,9,5,2,2,0,0,1
147,2024,2,28,8,6,2,0,0,0,2
148,2023,8,18,17,12,4,1,0,1,5
149,2023,9,17,13,5,7,1,0,0,1
150,2023,10,11,18,9,8,1,0,0,8
151,2023,9,13,13,7,6,0,0,0,2
152,2024,4,17,7,6,1,0,0,0,1
153,2023,8,19,12,9,3,0,0,0,1
154,2023,10,17,24,14,9,1,1,0,5
155,2023,6,23,16,10,6,0,0,0,3
156,2024,3,4,11,6,5,0,0,0,3
157,2023,6,20,13,6,7,0,0,1,2
158,2023,6,25,13,8,5,0,0,0,2
159,2023,7,30,23,12,11,0,0,1,5
160,2024,1,12,12,3,7,2,0,0,2
161,2023,7,13,13,8,3,2,0,0,1
162,2023,7,8,5,2,3,0,0,0,2
163,2023,11,9,8,4,4,0,0,0,2
164,2023,7,19,47,34,10,3,0,0,8
165,2023,6,11,11,5,6,0,0,0,1
166,2023,8,20,16,9,7,0,0,0,4
167,2023,8,1,19,12,6,1,1,1,3
168,2023,10,24,8,6,2,0,0,0,2
169,2023,8,21,20,10,9,1,0,0,5
170,2023,8,26,19,12,6,1,0,1,8
171,2024,3,29,9,4,5,0,0,0,0
172,2023,10,10,19,9,10,0,0,0,2
173,2023,7,3,7,4,3,0,0,0,2
174,2023,9,6,27,17,9,1,0,1,4
175,2023,6,26,8,1,6,1,0,0,2
176,2023,10,2,16,11,4,1,0,0,3
177,2023,8,23,23,8,15,0,0,0,2
178,2023,7,25,24,12,10,2,0,0,3
179,2023,8,16,24,17,7,0,0,0,3
180,2023,10,6,29,17,9,3,0,1,7
181,2023,7,14,6,3,1,2,0,0,0
182,2024,3,27,3,2,1,0,0,0,2
183,2024,2,10,6,5,1,0,0,0,1
184,2024,1,13,6,3,3,0,0,0,0
185,2024,3,15,5,2,3,0,0,0,2
186,2023,11,29,7,4,3,0,0,0,1
187,2024,1,21,5,3,2,0,0,0,3
188,2024,4,28,4,1,2,1,0,0,1
189,2023,12,15,6,2,3,1,0,0,0
190,2024,2,1,5,2,1,2,0,0,0
191,2024,3,25,7,5,2,0,0,0,0
192,2024,5,10,4,2,2,0,0,0,0
193,2023,11,3,6,2,3,1,0,0,1
194,2024,6,26,5,3,2,0,0,0,1
195,2024,1,28,6,4,2,0,0,0,1
196,2024,1,18,5,3,1,1,0,0,0
197,2024,3,2,12,5,5,2,0,0,1
198,2023,10,22,4,1,2,1,0,0,0
199,2024,5,7,3,2,1,0,1,0,0
200,2024,1,1,7,3,3,1,0,0,3
201,2024,4,19,3,2,1,0,0,0,0
202,2023,10,30,9,5,3,1,0,0,1
203,2024,3,9,6,4,2,0,0,0,2
204,2024,5,15,4,4,0,0,1,0,1
205,2024,1,26,3,2,1,0,0,0,0
206,2024,5,11,6,2,4,0,0,0,1
207,2023,11,6,3,2,1,0,0,0,0
208,2023,11,23,8,6,2,0,0,0,1
209,2023,10,23,7,2,3,2,0,0,3
210,2024,2,15,4,4,0,0,0,0,0
211,2023,12,28,5,3,2,0,0,0,0
212,2024,1,6,5,4,1,0,0,0,2
213,2024,3,21,11,5,6,0,0,0,2
214,2024,1,4,3,1,2,0,0,0,1
215,2023,11,17,4,1,2,1,0,0,0
216,2024,1,8,9,4,4,1,0,0,1
217,2024,1,30,7,4,3,0,0,0,2
218,2023,12,13,5,3,2,0,0,0,1
219,2023,11,10,3,1,2,0,0,0,0
220,2024,3,10,7,2,4,1,0,0,2
221,2023,12,30,4,2,2,0,0,0,3
222,2024,4,23,4,3,1,0,0,0,2
223,2023,11,26,5,3,1,1,0,0,2
224,2023,12,18,7,2,5,0,0,0,2
225,2024,6,24,8,5,2,1,1,0,0
226,2024,7,8,3,1,2,0,0,0,0
227,2023,12,3,8,4,4,0,0,0,0
228,2024,2,9,8,3,5,0,1,0,0
229,2024,4,8,5,4,1,0,0,0,1
230,2024,2,13,8,3,3,2,0,0,1
231,2023,11,28,3,2,0,1,0,0,2
232,2024,5,22,3,2,1,0,0,0,1
233,2023,11,5,9,7,2,0,0,0,2
234,2024,3,30,6,4,2,0,0,0,2
235,2024,2,8,3,3,0,0,0,0,3
236,2023,12,21,6,5,1,0,0,0,1
237,2024,1,14,4,4,0,0,0,0,1
238,2023,11,12,9,2,7,0,0,0,2
239,2023,11,30,6,3,3,0,0,0,0
240,2024,2,22,5,4,1,0,0,0,0
241,2024,4,22,4,4,0,0,0,0,1
242,2024,4,18,3,2,1,0,1,0,0
243,2024,3,16,5,4,1,0,0,0,2
244,2023,10,21,4,2,2,0,0,0,2
245,2024,4,14,4,2,2,0,0,0,0
246,2023,12,2,3,1,2,0,0,0,0
247,2024,4,11,9,4,5,0,0,0,6
248,2024,1,23,3,1,2,0,0,0,0
249,2023,11,7,5,1,4,0,0,0,2
250,2024,5,9,6,5,1,0,0,0,0
251,2024,2,6,7,4,3,0,0,0,2
252,2024,1,16,4,2,2,0,0,0,1
253,2023,11,11,8,4,4,0,0,0,1
254,2023,12,7,5,3,2,0,0,0,1
255,2024,5,8,4,0,3,1,0,0,1
256,2024,7,28,2,2,0,0,0,0,0
257,2023,12,25,4,1,3,0,0,0,1
258,2023,12,4,4,0,4,0,0,0,1
259,2024,7,31,4,2,2,0,0,0,1
260,2023,11,19,3,3,0,0,0,0,0
261,2023,11,8,8,2,5,1,0,0,0
262,2023,12,29,4,3,1,0,0,0,0
263,2024,7,4,5,2,2,1,0,0,1
264,2024,2,2,2,2,0,0,0,0,0
265,2024,5,1,4,1,2,1,0,0,1
266,2023,11,18,3,1,2,0,0,0,0
267,2024,2,18,5,3,1,1,0,0,1
268,2024,4,12,5,3,2,0,0,0,3
269,2024,1,2,2,1,1,0,0,0,0
270,2024,4,2,4,4,0,0,0,0,2
271,2024,4,5,4,4,0,0,0,0,1
272,2024,5,16,5,2,3,0,0,0,1
273,2023,11,25,3,1,2,0,0,0,0
274,2024,2,19,11,8,3,0,0,0,3
275,2024,1,24,5,2,3,0,0,0,1
276,2024,2,14,6,5,1,0,0,0,0
277,2023,12,16,8,5,3,0,0,0,1
278,2023,12,6,3,1,2,0,0,0,0
279,2024,2,5,4,2,2,0,0,0,0
280,2023,12,10,5,5,0,0,0,0,2
281,2024,3,22,6,3,3,0,0,0,1
282,2023,12,27,3,2,1,0,0,0,1
283,2023,12,14,6,4,2,0,0,1,2
284,2024,1,17,6,3,2,1,0,0,1
285,2023,10,28,6,3,2,1,0,0,2
286,2023,11,2,5,3,2,0,0,0,2
287,2023,10,25,5,2,2,1,0,0,1
288,2024,1,29,5,4,1,0,0,0,0
289,2023,12,31,2,0,2,0,0,0,0
290,2024,2,23,10,5,5,0,0,0,2
291,2024,1,20,4,1,2,1,0,0,1
292,2024,1,31,6,4,1,1,1,0,0
293,2023,10,27,6,3,2,1,0,0,1
294,2024,3,3,8,4,3,1,0,1,4
295,2024,1,25,4,0,4,0,0,0,0
296,2024,1,19,3,0,3,0,0,0,2
297,2023,12,5,6,3,3,0,0,0,1
298,2023,12,12,9,7,2,0,0,0,5
299,2023,11,20,3,1,2,0,0,0,0
300,2024,7,27,3,0,3,0,0,0,1
301,2023,12,1,11,7,2,2,0,0,4
302,2024,3,1,9,6,2,1,0,0,2
303,2024,4,10,5,5,0,0,0,0,2
304,2024,2,20,5,3,2,0,0,0,1
305,2024,1,22,3,1,2,0,0,0,1
306,2024,5,29,4,1,2,1,0,0,1
307,2023,12,9,5,3,2,0,0,0,0
308,2024,5,24,3,1,2,0,0,0,0
309,2024,5,21,4,1,3,0,0,0,1
310,2024,6,3,3,3,0,0,0,0,2
311,2024,6,30,1,0,1,0,0,0,1
312,2024,5,14,6,4,1,1,0,0,2
313,2024,4,1,4,1,3,0,0,0,2
314,2024,4,3,2,1,1,0,0,1,0
315,2024,6,27,2,2,0,0,0,0,0
316,2024,7,1,8,6,2,0,0,0,0
317,2024,6,6,2,1,1,0,0,0,0
318,2024,6,28,4,2,2,0,0,0,1
319,2024,5,23,2,1,1,0,0,0,1
320,2024,6,13,2,0,2,0,0,0,0
321,2024,7,11,1,1,0,0,0,1,1
322,2024,5,18,7,3,2,2,0,0,3
323,2024,5,6,4,3,0,1,0,0,1
324,2024,6,21,5,4,1,0,0,0,0
325,2024,6,12,4,3,1,0,0,0,1
326,2024,4,15,4,3,1,0,0,0,1
327,2024,6,5,4,2,2,0,0,0,0
328,2024,3,28,6,5,1,0,0,0,1
329,2024,7,2,3,2,0,1,0,0,0
330,2024,5,13,5,3,2,0,0,0,2
331,2024,4,26,2,1,1,0,0,0,0
332,2023,11,24,6,3,3,0,0,0,1
333,2023,10,26,5,2,3,0,0,0,0
334,2024,4,9,3,3,0,0,0,0,3
335,2023,12,23,2,2,0,0,0,0,1
336,2024,7,26,4,2,2,0,0,0,1
337,2024,7,3,5,2,2,1,0,0,1
338,2024,4,29,4,2,2,0,0,0,2
339,2024,4,30,2,2,0,0,0,0,0
340,2023,6,13,1,1,0,0,1,0,0
341,2024,5,20,2,2,0,0,0,0,2
342,2024,7,13,2,1,1,0,0,0,0
343,2024,6,7,3,2,1,0,0,0,2
344,2024,3,26,3,2,1,0,0,0,0
345,2024,7,30,2,1,1,0,1,0,1
346,2024,7,20,2,1,1,0,0,0,0
347,2024,7,7,3,2,1,0,0,0,1
348,2024,5,5,2,1,1,0,0,0,1
349,2024,7,19,4,3,1,0,0,0,1
350,2024,7,6,2,1,1,0,0,0,0
351,2024,6,17,2,2,0,0,1,0,0
352,2024,5,27,1,0,1,0,0,0,1
353,2023,12,19,5,3,2,0,0,0,0
354,2024,2,11,5,3,2,0,0,0,0
355,2024,6,10,3,1,2,0,0,0,0
356,2024,2,7,2,1,0,1,0,0,1
357,2024,4,16,2,2,0,0,0,0,1
358,2024,7,14,5,3,1,1,0,0,0
359,2024,2,17,7,3,4,0,0,0,1
360,2024,2,21,5,2,3,0,0,0,2
361,2024,6,11,3,1,2,0,0,0,1
362,2024,3,31,3,1,2,0,0,0,0
363,2024,4,6,3,3,0,0,0,0,0
364,2024,4,4,3,3,0,0,0,0,0
365,2024,5,17,4,1,3,0,0,0,2
366,2024,7,23,7,2,4,1,0,0,0
367,2023,10,31,3,2,1,0,0,0,1
368,2024,6,9,3,2,1,0,0,0,1
369,2023,11,27,2,1,1,0,0,0,0
370,2024,2,3,3,1,2,0,0,0,1
371,2024,5,26,1,1,0,0,0,0,0
372,2024,7,18,1,1,0,0,0,0,1
373,2024,5,30,4,2,2,0,0,0,1
374,2024,5,25,4,2,2,0,0,0,0
375,2024,4,20,1,1,0,0,0,0,0
376,2024,7,21,1,0,1,0,0,0,0
377,2024,6,1,4,2,2,0,0,0,0
378,2024,7,22,6,4,2,0,0,0,1
379,2024,5,31,4,2,2,0,0,0,1
380,2024,2,12,3,2,1,0,0,0,0
381,2023,11,4,2,1,1,0,0,0,0
382,2024,6,4,5,3,2,0,0,0,0
383,2024,1,15,6,2,4,0,1,0,1
384,2024,4,7,5,4,0,1,0,0,0
385,2024,5,2,2,1,1,0,0,0,0
386,2024,2,25,4,3,0,1,0,0,0
387,2024,2,24,7,1,4,2,0,0,0
388,2024,2,26,5,1,4,0,0,0,0
389,2024,6,29,5,2,3,0,0,0,1
390,2024,5,28,2,0,2,0,0,0,0
391,2023,12,11,3,2,1,0,0,0,1
392,2024,2,4,4,3,1,0,0,0,0
393,2024,7,16,2,1,1,0,0,0,0
394,2024,7,15,4,3,1,0,0,0,2
395,2024,6,18,5,4,1,0,1,0,1
396,2023,12,24,4,3,1,0,0,0,0
397,2024,3,24,3,1,2,0,0,0,1
398,2024,1,27,1,1,0,0,0,0,0
399,2024,6,8,1,0,1,0,0,0,0
400,2024,6,16,3,3,0,0,0,1,0
401,2024,6,25,1,0,1,0,0,0,1
402,2024,6,23,2,1,1,0,0,0,0
403,2024,6,22,2,1,1,0,0,0,0
404,2024,5,4,2,1,1,0,0,0,0
405,2023,6,12,1,1,0,0,0,0,0
406,2024,1,5,1,0,0,1,0,0,0
407,2024,6,19,2,2,0,0,0,0,1
408,2024,7,10,1,1,0,0,0,0,1
409,2024,7,24,2,2,0,0,0,0,0
410,2024,1,7,3,2,0,1,0,0,1
411,2024,6,2,2,1,1,0,0,0,1
412,2024,7,25,1,0,1,0,0,0,0
413,2024,4,25,5,0,5,0,0,0,0
414,2024,5,12,1,0,1,0,0,0,1
415,2024,4,27,3,2,1,0,0,0,0
416,2024,5,19,1,1,0,0,1,0,0
417,2024,4,24,2,2,0,0,0,0,0
418,2024,6,14,3,1,2,0,0,0,0
419,2024,4,21,1,1,0,0,0,0,1
420,2024,6,20,1,0,1,0,0,0,0
421,2024,7,9,4,0,3,1,0,0,2
422,2024,6,15,2,2,0,0,0,0,1
423,2024,7,17,3,1,1,1,0,0,0
