date,comments_count,posts_count,btc_price,S&P Crypto Index
2023-06-01,11345,505,26819.972656,2061.48
2023-06-02,10361,435,27249.589844,2095.26
2023-06-05,12784,539,25760.097656,1966.34
2023-06-06,14261,677,27238.783203,2062.7
2023-06-07,13970,538,26345.998047,2002.44
2023-06-08,12281,522,26508.216797,2005.69
2023-06-09,13010,612,26480.375,1985.03
2023-06-12,10,2,25902.5,1889.34
2023-06-13,3,1,25918.728516,1900.94
2023-06-14,14310,645,25124.675781,1900.73
2023-06-15,12895,558,25576.394531,1856.53
2023-06-16,11387,472,26327.462891,1915.77
2023-06-19,10036,453,26851.029297,1930.8
2023-06-20,11182,433,28327.488281,2011.11
2023-06-21,12530,484,30027.296875,2143.68
2023-06-22,11171,443,29912.28125,2150.34
2023-06-23,10464,440,30695.46875,2193.68
2023-06-26,9296,446,30271.130859,2148.67
2023-06-27,10967,461,30688.164063,2181.07
2023-06-28,10785,419,30086.246094,2119.29
2023-06-29,9550,470,30445.351563,2157.34
2023-06-30,11080,664,30477.251953,2182.7
2023-07-03,8470,597,31156.439453,2248.44
2023-07-04,8478,497,30777.582031,2206.75
2023-07-05,8756,546,30514.166016,2177.02
2023-07-06,9496,611,29909.337891,2166.01
2023-07-07,9155,579,30342.265625,2156.62
2023-07-10,6394,494,30414.470703,2200.58
2023-07-11,8631,412,30620.951172,2180.73
2023-07-12,9307,683,30391.646484,2163.83
2023-07-13,13353,912,31476.048828,2292.25
2023-07-14,12082,936,30334.068359,2187.21
2023-07-17,16121,600,30145.888672,2166.22
2023-07-18,28687,960,29856.5625,2155.16
2023-07-19,36885,1192,29913.923828,2183.25
2023-07-20,26630,839,29792.015625,2163.88
2023-07-21,23075,709,29908.744141,2175.58
2023-07-24,21339,659,29176.916016,2112.89
2023-07-25,21279,655,29227.390625,2118.66
2023-07-26,20966,691,29354.972656,2137.79
2023-07-27,18559,600,29210.689453,2123.53
2023-07-28,16431,534,29319.246094,2138.5
2023-07-31,15778,654,29230.111328,2119.91
2023-08-01,16146,606,29675.732422,2125.94
2023-08-02,16372,623,29151.958984,2110.05
2023-08-03,16056,589,29178.679688,2114.57
2023-08-04,14343,476,29074.091797,2096.85
2023-08-07,20972,642,29180.578125,2100.75
2023-08-08,20622,700,29765.492188,2151.96
2023-08-09,25558,768,29561.494141,2124.52
2023-08-10,28943,870,29429.591797,2124.45
2023-08-11,27072,796,29397.714844,2120.37
2023-08-14,24015,760,29408.443359,2120.64
2023-08-15,24422,762,29170.347656,2096.74
2023-08-16,24351,734,28701.779297,2082.68
2023-08-17,27172,781,26664.550781,1999.35
2023-08-18,22743,660,26049.556641,1882.54
2023-08-21,21719,596,26124.140625,1888.9
2023-08-22,23082,614,26031.65625,1853.33
2023-08-23,20282,529,26431.640625,1922.59
2023-08-24,19184,517,26162.373047,1879.94
2023-08-25,19937,543,26047.667969,1874.1
2023-08-28,18866,483,26106.150391,1876.33
2023-08-29,23821,601,27727.392578,1993.35
2023-08-30,22835,553,27297.265625,1947.54
2023-08-31,26291,578,25931.472656,1882.75
2023-09-01,21378,508,25800.724609,1845.36
2023-09-04,20440,509,25812.416016,1861.92
2023-09-05,19705,493,25779.982422,1853.67
2023-09-06,22129,534,25753.236328,1853.86
2023-09-07,21054,494,26240.195313,1864.9
2023-09-08,20486,452,25905.654297,1864.15
2023-09-11,22554,491,25162.654297,1780.69
2023-09-12,20809,526,25833.34375,1850.76
2023-09-13,20285,519,26228.324219,1856.56
2023-09-14,19706,438,26539.673828,1894.53
2023-09-15,19598,439,26608.693359,1879.65
2023-09-18,19378,449,26754.28125,1909.42
2023-09-19,19530,487,27211.117188,1929.75
2023-09-20,19847,459,27132.007813,1907.56
2023-09-21,19849,439,26567.632813,1881.91
2023-09-22,18480,469,26579.568359,1878.91
2023-09-25,16699,416,26298.480469,1870.97
2023-09-26,17433,440,26217.25,1865.19
2023-09-27,17292,440,26352.716797,1867.87
2023-09-28,18361,448,27021.546875,1929.82
2023-09-29,16526,376,26911.720703,1924.73
2023-10-02,17999,400,27530.785156,1978.39
2023-10-03,16409,440,27429.978516,1936.84
2023-10-04,17701,412,27799.394531,1948.1
2023-10-05,18652,460,27415.912109,1934.3
2023-10-06,16819,404,27946.597656,1967.98
2023-10-09,16771,356,27583.677734,1919.85
2023-10-10,17580,393,27391.019531,1905.89
2023-10-11,17215,371,26873.320313,1874.06
2023-10-12,17079,419,26756.798828,1859.85
2023-10-13,16326,343,26862.375,1869.71
2023-10-16,18595,470,28519.466797,1966.32
2023-10-17,21745,472,28415.748047,1957.16
2023-10-18,12494,312,28328.341797,1942.69
2023-10-19,7311,295,28719.806641,1967.46
2023-10-20,5135,269,29682.949219,2020.68
2023-10-23,5272,259,33086.234375,2150.02
2023-10-24,6185,322,33901.527344,2277.64
2023-10-25,4539,287,34502.820313,2328.61
2023-10-26,3641,274,34156.648438,2294.99
2023-10-27,4264,230,33909.800781,2275.61
2023-10-30,3620,244,34502.363281,2332.23
2023-10-31,4507,271,34667.78125,2335.97
2023-11-01,3994,290,35437.253906,2357.74
2023-11-02,4470,294,34938.242188,2373.28
2023-11-03,4361,282,34732.324219,2350.56
2023-11-06,2512,268,35037.371094,2430.2
2023-11-07,4025,295,35443.5625,2458.21
2023-11-08,3656,298,35655.277344,2461.24
2023-11-09,6646,334,36693.125,2531.05
2023-11-10,4404,314,37313.96875,2606.83
2023-11-13,4437,318,36502.355469,2592.51
2023-11-14,7286,312,35537.640625,2480.42
2023-11-15,5731,421,37880.582031,2635.48
2023-11-16,4941,404,36154.769531,2521.66
2023-11-17,3352,293,36596.683594,2534.19
2023-11-20,2947,311,37476.957031,2621.19
2023-11-21,6228,373,35813.8125,2558.74
2023-11-22,5096,377,37432.339844,2624.58
2023-11-23,3649,354,37289.621094,2601.25
2023-11-24,3500,271,37720.28125,2638.96
2023-11-27,2534,290,37254.167969,2550.02
2023-11-28,2983,281,37831.085938,2650.33
2023-11-29,3026,296,37858.492188,2609.09
2023-11-30,3413,278,37712.746094,2619.14
2023-12-01,4096,269,38688.75,2683.64
2023-12-04,5093,357,41980.097656,2862.35
2023-12-05,4954,345,44080.648438,2964.87
2023-12-06,4800,358,43746.445313,2969.89
2023-12-07,4821,379,43292.664063,2977.72
2023-12-08,4772,337,44166.601563,3069.73
2023-12-11,4472,302,41243.832031,2856.92
2023-12-12,4907,366,41450.222656,2885.7
2023-12-13,5470,322,42890.742188,2996.54
2023-12-14,4720,337,43023.972656,3011.08
2023-12-15,4299,275,41929.757813,2969.36
2023-12-18,4536,307,42623.539063,2919.9
2023-12-19,4815,279,42270.527344,2930.0
2023-12-20,4896,300,43652.25,3006.6
2023-12-21,4163,312,43869.152344,3076.36
2023-12-22,4850,316,43997.902344,3099.17
2023-12-25,4280,240,43613.140625,3117.57
2023-12-26,5212,266,42520.402344,3037.72
2023-12-27,4403,312,43442.855469,3159.27
2023-12-28,4798,309,42627.855469,3100.18
2023-12-29,3494,304,42099.402344,3058.02
2024-01-01,3855,271,44167.332031,3163.07
2024-01-02,5775,319,44957.96875,3205.62
2024-01-03,4977,343,42848.175781,3045.65
2024-01-04,3872,313,44179.921875,3140.01
2024-01-05,3826,385,44162.691406,3093.46
2024-01-08,5148,346,46970.503906,3223.78
2024-01-09,5614,421,46139.730469,3167.0
2024-01-10,6798,433,46627.777344,3231.34
2024-01-11,15282,445,46368.585938,3304.76
2024-01-12,6829,356,42853.167969,3170.83
2024-01-15,3954,285,42511.96875,3127.98
2024-01-16,3819,314,43154.945313,3157.72
2024-01-17,2998,288,42742.652344,3118.82
2024-01-18,4224,279,41262.058594,2977.28
2024-01-19,3311,307,41618.40625,3024.16
2024-01-22,3956,292,39507.367188,2905.42
2024-01-23,4183,263,39845.550781,2797.3
2024-01-24,3092,288,40077.074219,2825.41
2024-01-25,2834,291,39933.808594,2848.73
2024-01-26,3253,233,41816.871094,2973.76
2024-01-29,2766,304,43288.246094,3064.14
2024-01-30,3404,298,42952.609375,3104.38
2024-01-31,3158,298,42582.605469,3009.79
2024-02-01,2620,298,43075.773438,3033.95
2024-02-02,3051,326,43185.859375,3039.98
2024-02-05,2460,277,42658.667969,3006.83
2024-02-06,3069,284,43084.671875,3065.81
2024-02-07,2985,299,44318.222656,3135.65
2024-02-08,3104,285,45301.566406,3204.01
2024-02-09,3369,312,47147.199219,3321.93
2024-02-12,3682,325,49958.222656,3502.82
2024-02-13,8150,312,49742.441406,3461.05
2024-02-14,5080,421,51826.695313,3616.92
2024-02-15,5876,347,51938.554688,3642.8
2024-02-16,3873,395,52160.203125,3631.98
2024-02-19,4410,333,51779.144531,3696.18
2024-02-20,3868,508,52284.875,3703.14
2024-02-21,3855,480,51839.179688,3616.7
2024-02-22,2791,404,51304.972656,3722.45
2024-02-23,4183,441,50731.949219,3658.3
2024-02-26,4665,437,54522.402344,3905.42
2024-02-27,5691,487,57085.371094,4033.73
2024-02-28,8405,646,62504.789063,4196.32
2024-02-29,6076,559,61198.382813,4332.89
2024-03-01,5660,429,62440.632813,4404.78
2024-03-04,9083,707,68330.414063,4704.07
2024-03-05,11292,736,63801.199219,4318.82
2024-03-06,6344,597,66106.804688,4768.19
2024-03-07,5040,498,66925.484375,4861.18
2024-03-08,6279,597,68300.09375,4943.03
2024-03-11,7810,635,72123.90625,5126.74
2024-03-12,8714,561,71481.289063,5107.12
2024-03-13,6960,604,73083.5,5241.83
2024-03-14,7345,561,71396.59375,4960.94
2024-03-15,6368,449,69403.773438,4931.82
2024-03-18,7193,496,67548.59375,4744.67
2024-03-19,7313,448,61912.773438,4564.9
2024-03-20,6120,453,67913.671875,4654.92
2024-03-21,4620,384,65491.390625,4650.45
2024-03-22,5229,381,63778.761719,4556.77
2024-03-25,4825,399,69958.8125,5043.13
2024-03-26,4667,444,69987.835938,4932.82
2024-03-27,4595,445,69455.34375,4862.82
2024-03-28,5133,486,70744.953125,4997.37
2024-03-29,3996,421,69892.828125,4943.71
2024-04-01,3062,360,69702.148438,4912.1
2024-04-02,3461,385,65446.972656,4649.73
2024-04-03,3124,376,65980.8125,4637.39
2024-04-04,3411,417,68508.84375,4795.94
2024-04-05,3167,534,67837.640625,4707.14
2024-04-08,3643,423,71631.359375,5045.92
2024-04-09,3390,308,69139.015625,4850.04
2024-04-10,3347,349,70587.882813,4887.03
2024-04-11,3122,314,70060.609375,4900.21
2024-04-12,3834,312,67195.867188,4532.26
2024-04-15,2624,327,63426.210938,4307.1
2024-04-16,3091,321,63811.863281,4244.47
2024-04-17,5778,326,61276.691406,4160.88
2024-04-18,3732,335,63512.753906,4306.66
2024-04-19,3300,343,63843.570313,4368.02
2024-04-22,2910,300,66837.679688,4548.87
2024-04-23,3243,292,66407.273438,4558.04
2024-04-24,2795,281,64276.898438,4396.34
2024-04-25,2970,271,64481.707031,4433.13
2024-04-26,3088,288,63755.320313,4365.82
2024-04-29,2733,240,63841.121094,4317.6
2024-04-30,3405,278,60636.855469,4031.28
2024-05-01,3987,235,58254.011719,3947.8
2024-05-02,2321,288,59123.433594,4108.21
2024-05-03,2074,248,62889.835938,4272.04
2024-05-06,1911,246,63161.949219,4336.99
2024-05-07,2188,255,62334.816406,4317.32
2024-05-08,2424,248,61187.941406,4251.22
2024-05-09,3298,256,63049.960938,4286.91
2024-05-10,3017,242,60792.777344,4163.62
2024-05-13,2697,231,62901.449219,4285.79
2024-05-14,2405,234,61552.789063,4170.97
2024-05-15,2989,280,66267.492188,4443.21
2024-05-16,2468,275,65231.582031,4376.6
2024-05-17,3012,267,67051.875,4525.28
2024-05-20,2713,269,71448.195313,4777.05
2024-05-21,2920,282,70136.53125,4810.09
2024-05-22,3294,305,69122.335938,4833.32
2024-05-23,3683,317,67929.5625,4699.4
2024-05-24,2855,306,68526.101563,4786.65
2024-05-27,2103,286,69394.554688,4832.96
2024-05-28,3736,279,68296.21875,4787.67
2024-05-29,2533,276,67578.09375,4705.88
2024-05-30,2421,288,68364.992188,4769.81
2024-05-31,2087,266,67491.414063,4716.95
2024-06-03,1752,316,68804.78125,4798.13
2024-06-04,2009,258,70567.765625,4885.94
2024-06-05,2338,301,71082.820313,4963.51
2024-06-06,2614,335,70757.164063,4894.62
2024-06-07,2663,372,69342.585938,4765.82
2024-06-10,1641,276,69512.28125,4747.2
2024-06-11,2002,289,67332.03125,4566.26
2024-06-12,2327,423,68241.1875,4599.63
2024-06-13,1960,331,66756.398438,4526.34
2024-06-14,1632,306,66011.09375,4430.97
2024-06-17,1915,287,66490.296875,4520.99
2024-06-18,2803,367,65140.746094,4321.79
2024-06-19,1760,287,64960.296875,4403.21
2024-06-20,1943,347,64828.65625,4407.79
2024-06-21,2212,357,64096.199219,4363.94
2024-06-24,3324,240,60277.414063,4064.82
2024-06-25,2692,285,61804.640625,4255.12
2024-06-26,3030,254,60811.277344,4202.46
2024-06-27,2777,264,61604.800781,4250.09
2024-06-28,2595,250,60320.136719,4152.98
2024-07-01,2805,260,62851.980469,4331.07
2024-07-02,2195,240,62029.015625,4264.38
2024-07-03,2386,240,60173.921875,4085.87
2024-07-04,3706,262,56977.703125,3953.96
2024-07-05,4861,255,56662.375,3816.79
2024-07-08,2388,240,56705.097656,3841.53
2024-07-09,1951,240,58009.226563,3932.48
2024-07-10,1974,244,57742.496094,3928.09
2024-07-11,2021,230,57344.914063,3925.39
2024-07-12,1968,227,57899.464844,3944.38
2024-07-15,2206,222,64870.152344,4330.69
2024-07-16,2021,226,65097.148438,4439.03
2024-07-17,2077,246,64118.792969,4391.24
2024-07-18,1864,197,63974.066406,4326.25
2024-07-19,2274,219,66710.15625,4551.44
2024-07-22,2089,251,67585.25,4598.75
2024-07-23,2769,286,65927.671875,4437.13
2024-07-24,2535,300,65372.132813,4419.32
2024-07-25,2558,225,65777.226563,4276.8
2024-07-26,2380,243,67912.0625,4500.61
2024-07-29,4549,264,66819.914063,4481.01
2024-07-30,3356,262,66201.015625,4389.28
2024-07-31,2706,260,64619.25,4355.57
